Date,Time,DateTime (ISO),Terror Zone
2025-09-27,22:00,2025-09-27T22:00:00+00:00,"Arreat Plateau, Pit of Acheron"
2025-09-27,23:00,2025-09-27T23:00:00+00:00,"Bloody Foothills, Frigid Highlands, Abaddon"
2025-09-28,00:00,2025-09-28T00:00:00+00:00,"Spider Forest, Spider Cavern"
2025-09-28,01:00,2025-09-28T01:00:00+00:00,"Lost City, Valley of Snakes, Claw Viper Temple"
2025-09-28,02:00,2025-09-28T02:00:00+00:00,"Flayer Jungle, Flayer Dungeon"
2025-09-28,03:00,2025-09-28T03:00:00+00:00,"Outer Steppes, Plains of Despair"
2025-09-28,04:00,2025-09-28T04:00:00+00:00,Ancient Tunnels
2025-09-28,05:00,2025-09-28T05:00:00+00:00,"Kurast Bazaar, Ruined Temple, Disused Fane"
2025-09-28,06:00,2025-09-28T06:00:00+00:00,"Crystalline Passage, Frozen River"
2025-09-28,07:00,2025-09-28T07:00:00+00:00,Great Marsh
2025-09-28,08:00,2025-09-28T08:00:00+00:00,"Worldstone Keep, Throne of Destruction, Worldstone Chamber"
2025-09-28,09:00,2025-09-28T09:00:00+00:00,"Rocky Waste, Stony Tomb"
2025-09-28,10:00,2025-09-28T10:00:00+00:00,"Arreat Plateau, Pit of Acheron"
2025-09-28,11:00,2025-09-28T11:00:00+00:00,"Barracks, Jail"
2025-09-28,12:00,2025-09-28T12:00:00+00:00,"Burial Grounds, Crypt, Mausoleum"
2025-09-28,13:00,2025-09-28T13:00:00+00:00,The Secret Cow Level
2025-09-28,14:00,2025-09-28T14:00:00+00:00,"Rocky Waste, Stony Tomb"
2025-09-28,15:00,2025-09-28T15:00:00+00:00,"Tal Rasha's Tombs, Tal Rasha's Chamber"
2025-09-28,16:00,2025-09-28T16:00:00+00:00,"Dry Hills, Halls of the Dead"
2025-09-28,17:00,2025-09-28T17:00:00+00:00,Tristram
2025-09-28,18:00,2025-09-28T18:00:00+00:00,"Ancient's Way, Icy Cellar"
2025-09-28,19:00,2025-09-28T19:00:00+00:00,"Cathedral, Catacombs"
2025-09-28,20:00,2025-09-28T20:00:00+00:00,Durance of Hate
2025-09-28,21:00,2025-09-28T21:00:00+00:00,Lut Gholein Sewers
2025-09-28,22:00,2025-09-28T22:00:00+00:00,Travincal
2025-09-28,23:00,2025-09-28T23:00:00+00:00,"Flayer Jungle, Flayer Dungeon"
2025-09-29,00:00,2025-09-29T00:00:00+00:00,"Bloody Foothills, Frigid Highlands, Abaddon"
2025-09-29,01:00,2025-09-29T01:00:00+00:00,Stony Field
2025-09-29,02:00,2025-09-29T02:00:00+00:00,"Crystalline Passage, Frozen River"
2025-09-29,03:00,2025-09-29T03:00:00+00:00,"Nihlathak's Temple, Temple Halls"
2025-09-29,04:00,2025-09-29T04:00:00+00:00,"Arreat Plateau, Pit of Acheron"
2025-09-29,05:00,2025-09-29T05:00:00+00:00,Great Marsh
2025-09-29,06:00,2025-09-29T06:00:00+00:00,"Barracks, Jail"
2025-09-29,07:00,2025-09-29T07:00:00+00:00,"Blood Moor, Den of Evil"
2025-09-29,08:00,2025-09-29T08:00:00+00:00,Far Oasis
2025-09-29,09:00,2025-09-29T09:00:00+00:00,Tristram
2025-09-29,10:00,2025-09-29T10:00:00+00:00,"Glacial Trail, Drifter Cavern"
2025-09-29,11:00,2025-09-29T11:00:00+00:00,"Cathedral, Catacombs"
2025-09-29,12:00,2025-09-29T12:00:00+00:00,"Worldstone Keep, Throne of Destruction, Worldstone Chamber"
2025-09-29,13:00,2025-09-29T13:00:00+00:00,"Lost City, Valley of Snakes, Claw Viper Temple"
2025-09-29,14:00,2025-09-29T14:00:00+00:00,Ancient Tunnels
2025-09-29,15:00,2025-09-29T15:00:00+00:00,"Cold Plains, Cave"
2025-09-29,16:00,2025-09-29T16:00:00+00:00,Pit
2025-09-29,17:00,2025-09-29T17:00:00+00:00,"Black Marsh, The Hole"
2025-09-29,18:00,2025-09-29T18:00:00+00:00,Stony Field
2025-09-29,19:00,2025-09-29T19:00:00+00:00,Arcane Sanctuary
2025-09-29,20:00,2025-09-29T20:00:00+00:00,"Dark Wood, Underground Passage"
2025-09-29,21:00,2025-09-29T21:00:00+00:00,"City of the Damned, River of Flame"
2025-09-29,22:00,2025-09-29T22:00:00+00:00,The Secret Cow Level
2025-09-29,23:00,2025-09-29T23:00:00+00:00,"Outer Steppes, Plains of Despair"
2025-09-30,00:00,2025-09-30T00:00:00+00:00,"Rocky Waste, Stony Tomb"
2025-09-30,01:00,2025-09-30T01:00:00+00:00,"Black Marsh, The Hole"
2025-09-30,02:00,2025-09-30T02:00:00+00:00,"Dry Hills, Halls of the Dead"
2025-09-30,03:00,2025-09-30T03:00:00+00:00,"Spider Forest, Spider Cavern"
2025-09-30,04:00,2025-09-30T04:00:00+00:00,Chaos Sanctuary
2025-09-30,05:00,2025-09-30T05:00:00+00:00,Lut Gholein Sewers
2025-09-30,06:00,2025-09-30T06:00:00+00:00,"Ancient's Way, Icy Cellar"
2025-09-30,07:00,2025-09-30T07:00:00+00:00,"Kurast Bazaar, Ruined Temple, Disused Fane"
2025-09-30,08:00,2025-09-30T08:00:00+00:00,"Flayer Jungle, Flayer Dungeon"
2025-09-30,09:00,2025-09-30T09:00:00+00:00,"Blood Moor, Den of Evil"
2025-09-30,10:00,2025-09-30T10:00:00+00:00,Durance of Hate
2025-09-30,11:00,2025-09-30T11:00:00+00:00,"Tal Rasha's Tombs, Tal Rasha's Chamber"
2025-09-30,12:00,2025-09-30T12:00:00+00:00,"Barracks, Jail"
2025-09-30,13:00,2025-09-30T13:00:00+00:00,Lut Gholein Sewers
2025-09-30,14:00,2025-09-30T14:00:00+00:00,Forgotten Tower
2025-09-30,15:00,2025-09-30T15:00:00+00:00,"Arreat Plateau, Pit of Acheron"
2025-09-30,16:00,2025-09-30T16:00:00+00:00,"Nihlathak's Temple, Temple Halls"
2025-09-30,17:00,2025-09-30T17:00:00+00:00,Stony Field
2025-09-30,18:00,2025-09-30T18:00:00+00:00,Chaos Sanctuary
2025-09-30,19:00,2025-09-30T19:00:00+00:00,"Cold Plains, Cave"
2025-09-30,20:00,2025-09-30T20:00:00+00:00,"Burial Grounds, Crypt, Mausoleum"
2025-09-30,21:00,2025-09-30T21:00:00+00:00,"Glacial Trail, Drifter Cavern"
2025-09-30,22:00,2025-09-30T22:00:00+00:00,"Cathedral, Catacombs"
2025-09-30,23:00,2025-09-30T23:00:00+00:00,Tristram
2025-10-01,00:00,2025-10-01T00:00:00+00:00,"Black Marsh, The Hole"
2025-10-01,01:00,2025-10-01T01:00:00+00:00,"City of the Damned, River of Flame"
2025-10-01,02:00,2025-10-01T02:00:00+00:00,Chaos Sanctuary
2025-10-01,03:00,2025-10-01T03:00:00+00:00,Arcane Sanctuary
2025-10-01,04:00,2025-10-01T04:00:00+00:00,"Ancient's Way, Icy Cellar"
2025-10-01,05:00,2025-10-01T05:00:00+00:00,"Nihlathak's Temple, Temple Halls"
2025-10-01,06:00,2025-10-01T06:00:00+00:00,"Bloody Foothills, Frigid Highlands, Abaddon"
2025-10-01,07:00,2025-10-01T07:00:00+00:00,"Tal Rasha's Tombs, Tal Rasha's Chamber"
2025-10-01,08:00,2025-10-01T08:00:00+00:00,Ancient Tunnels
2025-10-01,09:00,2025-10-01T09:00:00+00:00,Travincal
2025-10-01,10:00,2025-10-01T10:00:00+00:00,"Outer Steppes, Plains of Despair"
2025-10-01,11:00,2025-10-01T11:00:00+00:00,"Worldstone Keep, Throne of Destruction, Worldstone Chamber"
2025-10-01,12:00,2025-10-01T12:00:00+00:00,Pit
2025-10-01,13:00,2025-10-01T13:00:00+00:00,Chaos Sanctuary
2025-10-01,14:00,2025-10-01T14:00:00+00:00,"Barracks, Jail"
2025-10-01,15:00,2025-10-01T15:00:00+00:00,"Dark Wood, Underground Passage"
2025-10-01,16:00,2025-10-01T16:00:00+00:00,Travincal
2025-10-01,17:00,2025-10-01T17:00:00+00:00,"Crystalline Passage, Frozen River"
2025-10-01,18:00,2025-10-01T18:00:00+00:00,The Secret Cow Level
2025-10-01,19:00,2025-10-01T19:00:00+00:00,"Rocky Waste, Stony Tomb"
2025-10-01,20:00,2025-10-01T20:00:00+00:00,"Tal Rasha's Tombs, Tal Rasha's Chamber"
2025-10-01,21:00,2025-10-01T21:00:00+00:00,"Spider Forest, Spider Cavern"
2025-10-01,22:00,2025-10-01T22:00:00+00:00,"Nihlathak's Temple, Temple Halls"
2025-10-01,23:00,2025-10-01T23:00:00+00:00,"Bloody Foothills, Frigid Highlands, Abaddon"
2025-11-01,23:00,2025-11-01T23:00:00+00:00,"Worldstone Keep, Throne of Destruction, Worldstone Chamber"
2025-11-02,00:00,2025-11-02T00:00:00+00:00,"City of the Damned, River of Flame"
2025-11-02,01:00,2025-11-02T01:00:00+00:00,Arcane Sanctuary
2025-11-02,02:00,2025-11-02T02:00:00+00:00,Great Marsh
2025-11-02,03:00,2025-11-02T03:00:00+00:00,The Secret Cow Level
2025-11-02,04:00,2025-11-02T04:00:00+00:00,"Rocky Waste, Stony Tomb"
2025-11-02,05:00,2025-11-02T05:00:00+00:00,"Ancient's Way, Icy Cellar"
2025-11-02,06:00,2025-11-02T06:00:00+00:00,"Dark Wood, Underground Passage"
2025-11-02,07:00,2025-11-02T07:00:00+00:00,Far Oasis
2025-11-02,08:00,2025-11-02T08:00:00+00:00,"Barracks, Jail"
2025-11-02,09:00,2025-11-02T09:00:00+00:00,Durance of Hate
2025-11-02,10:00,2025-11-02T10:00:00+00:00,"Cold Plains, Cave"
2025-11-02,11:00,2025-11-02T11:00:00+00:00,"Tal Rasha's Tombs, Tal Rasha's Chamber"
2025-11-02,12:00,2025-11-02T12:00:00+00:00,"Cathedral, Catacombs"
2025-11-02,13:00,2025-11-02T13:00:00+00:00,The Secret Cow Level
2025-11-02,14:00,2025-11-02T14:00:00+00:00,"Spider Forest, Spider Cavern"
2025-11-02,15:00,2025-11-02T15:00:00+00:00,Stony Field
2025-11-02,16:00,2025-11-02T16:00:00+00:00,"Dry Hills, Halls of the Dead"
2025-11-02,17:00,2025-11-02T17:00:00+00:00,"Bloody Foothills, Frigid Highlands, Abaddon"
2025-11-02,18:00,2025-11-02T18:00:00+00:00,"Arreat Plateau, Pit of Acheron"
2025-11-02,19:00,2025-11-02T19:00:00+00:00,"Blood Moor, Den of Evil"
2025-11-02,20:00,2025-11-02T20:00:00+00:00,Chaos Sanctuary
2025-11-02,21:00,2025-11-02T21:00:00+00:00,"Worldstone Keep, Throne of Destruction, Worldstone Chamber"
2025-11-02,22:00,2025-11-02T22:00:00+00:00,"Black Marsh, The Hole"
2025-11-02,23:00,2025-11-02T23:00:00+00:00,"Rocky Waste, Stony Tomb"
2025-11-03,00:00,2025-11-03T00:00:00+00:00,"Nihlathak's Temple, Temple Halls"
2025-11-03,01:00,2025-11-03T01:00:00+00:00,"Glacial Trail, Drifter Cavern"
2025-11-03,02:00,2025-11-03T02:00:00+00:00,Arcane Sanctuary
2025-11-03,03:00,2025-11-03T03:00:00+00:00,"Tal Rasha's Tombs, Tal Rasha's Chamber"
2025-11-03,04:00,2025-11-03T04:00:00+00:00,Pit
2025-11-03,05:00,2025-11-03T05:00:00+00:00,"Spider Forest, Spider Cavern"
2025-11-03,06:00,2025-11-03T06:00:00+00:00,"Kurast Bazaar, Ruined Temple, Disused Fane"
2025-11-03,07:00,2025-11-03T07:00:00+00:00,"Flayer Jungle, Flayer Dungeon"
2025-11-03,08:00,2025-11-03T08:00:00+00:00,"Lost City, Valley of Snakes, Claw Viper Temple"
2025-11-03,09:00,2025-11-03T09:00:00+00:00,Lut Gholein Sewers
2025-11-03,10:00,2025-11-03T10:00:00+00:00,"Burial Grounds, Crypt, Mausoleum"
2025-11-03,11:00,2025-11-03T11:00:00+00:00,Tristram
2025-11-03,12:00,2025-11-03T12:00:00+00:00,Ancient Tunnels
2025-11-03,13:00,2025-11-03T13:00:00+00:00,"Ancient's Way, Icy Cellar"
2025-11-03,14:00,2025-11-03T14:00:00+00:00,"Outer Steppes, Plains of Despair"
2025-11-03,15:00,2025-11-03T15:00:00+00:00,"Barracks, Jail"
2025-11-03,16:00,2025-11-03T16:00:00+00:00,Great Marsh
2025-11-03,17:00,2025-11-03T17:00:00+00:00,Forgotten Tower
2025-11-03,18:00,2025-11-03T18:00:00+00:00,"Arreat Plateau, Pit of Acheron"
2025-11-03,19:00,2025-11-03T19:00:00+00:00,"Worldstone Keep, Throne of Destruction, Worldstone Chamber"
2025-11-03,20:00,2025-11-03T20:00:00+00:00,Lut Gholein Sewers
2025-11-03,21:00,2025-11-03T21:00:00+00:00,"Blood Moor, Den of Evil"
2025-11-03,22:00,2025-11-03T22:00:00+00:00,Durance of Hate
2025-11-03,23:00,2025-11-03T23:00:00+00:00,"Glacial Trail, Drifter Cavern"
2025-11-04,00:00,2025-11-04T00:00:00+00:00,"Burial Grounds, Crypt, Mausoleum"
2025-11-04,01:00,2025-11-04T01:00:00+00:00,"Rocky Waste, Stony Tomb"
2025-11-04,02:00,2025-11-04T02:00:00+00:00,"Spider Forest, Spider Cavern"
2025-11-04,03:00,2025-11-04T03:00:00+00:00,The Secret Cow Level
2025-11-04,04:00,2025-11-04T04:00:00+00:00,"Outer Steppes, Plains of Despair"
2025-11-04,05:00,2025-11-04T05:00:00+00:00,Travincal
2025-11-04,06:00,2025-11-04T06:00:00+00:00,Chaos Sanctuary
2025-11-04,07:00,2025-11-04T07:00:00+00:00,"Crystalline Passage, Frozen River"
2025-11-04,08:00,2025-11-04T08:00:00+00:00,"Dry Hills, Halls of the Dead"
2025-11-04,09:00,2025-11-04T09:00:00+00:00,"Cathedral, Catacombs"
2025-11-04,10:00,2025-11-04T10:00:00+00:00,Far Oasis
2025-11-04,11:00,2025-11-04T11:00:00+00:00,"Bloody Foothills, Frigid Highlands, Abaddon"
2025-11-04,12:00,2025-11-04T12:00:00+00:00,"Arreat Plateau, Pit of Acheron"
2025-11-04,13:00,2025-11-04T13:00:00+00:00,Pit
2025-11-04,14:00,2025-11-04T14:00:00+00:00,"Nihlathak's Temple, Temple Halls"
2025-11-04,15:00,2025-11-04T15:00:00+00:00,"Crystalline Passage, Frozen River"
2025-11-04,16:00,2025-11-04T16:00:00+00:00,Stony Field
2025-11-04,17:00,2025-11-04T17:00:00+00:00,"Dark Wood, Underground Passage"
2025-11-04,18:00,2025-11-04T18:00:00+00:00,"Blood Moor, Den of Evil"
2025-11-04,19:00,2025-11-04T19:00:00+00:00,"Cold Plains, Cave"
2025-11-04,20:00,2025-11-04T20:00:00+00:00,Great Marsh
2025-11-04,21:00,2025-11-04T21:00:00+00:00,"Dry Hills, Halls of the Dead"
2025-11-04,22:00,2025-11-04T22:00:00+00:00,"Barracks, Jail"
2025-11-04,23:00,2025-11-04T23:00:00+00:00,"Black Marsh, The Hole"
2025-11-05,00:00,2025-11-05T00:00:00+00:00,Arcane Sanctuary
2025-11-05,01:00,2025-11-05T01:00:00+00:00,"City of the Damned, River of Flame"
2025-11-05,02:00,2025-11-05T02:00:00+00:00,"Crystalline Passage, Frozen River"
2025-11-05,03:00,2025-11-05T03:00:00+00:00,"Black Marsh, The Hole"
2025-11-05,04:00,2025-11-05T04:00:00+00:00,"Glacial Trail, Drifter Cavern"
2025-11-05,05:00,2025-11-05T05:00:00+00:00,"Burial Grounds, Crypt, Mausoleum"
2025-11-05,06:00,2025-11-05T06:00:00+00:00,"Tal Rasha's Tombs, Tal Rasha's Chamber"
2025-11-05,07:00,2025-11-05T07:00:00+00:00,Forgotten Tower
2025-11-05,08:00,2025-11-05T08:00:00+00:00,"Outer Steppes, Plains of Despair"
2025-11-05,09:00,2025-11-05T09:00:00+00:00,"Flayer Jungle, Flayer Dungeon"
2025-11-05,10:00,2025-11-05T10:00:00+00:00,"Kurast Bazaar, Ruined Temple, Disused Fane"
2025-11-05,11:00,2025-11-05T11:00:00+00:00,"Nihlathak's Temple, Temple Halls"
2025-11-05,12:00,2025-11-05T12:00:00+00:00,Ancient Tunnels
2025-11-05,13:00,2025-11-05T13:00:00+00:00,"Lost City, Valley of Snakes, Claw Viper Temple"
2025-11-05,14:00,2025-11-05T14:00:00+00:00,"Worldstone Keep, Throne of Destruction, Worldstone Chamber"
2025-11-05,15:00,2025-11-05T15:00:00+00:00,"Cathedral, Catacombs"
2025-11-05,16:00,2025-11-05T16:00:00+00:00,Arcane Sanctuary
2025-11-05,17:00,2025-11-05T17:00:00+00:00,Durance of Hate
2025-11-05,18:00,2025-11-05T18:00:00+00:00,"Spider Forest, Spider Cavern"
2025-11-05,19:00,2025-11-05T19:00:00+00:00,Far Oasis
2025-11-05,20:00,2025-11-05T20:00:00+00:00,"Ancient's Way, Icy Cellar"
2025-11-05,21:00,2025-11-05T21:00:00+00:00,Forgotten Tower
2025-11-05,22:00,2025-11-05T22:00:00+00:00,Tristram
2025-11-05,23:00,2025-11-05T23:00:00+00:00,"Burial Grounds, Crypt, Mausoleum"
2025-11-06,00:00,2025-11-06T00:00:00+00:00,"Dry Hills, Halls of the Dead"
2025-11-06,01:00,2025-11-06T01:00:00+00:00,"City of the Damned, River of Flame"
2025-11-06,02:00,2025-11-06T02:00:00+00:00,Ancient Tunnels
2025-11-06,03:00,2025-11-06T03:00:00+00:00,"Bloody Foothills, Frigid Highlands, Abaddon"
2025-11-06,04:00,2025-11-06T04:00:00+00:00,Forgotten Tower
2025-11-06,05:00,2025-11-06T05:00:00+00:00,"Crystalline Passage, Frozen River"
2025-11-06,06:00,2025-11-06T06:00:00+00:00,"Black Marsh, The Hole"
2025-11-06,07:00,2025-11-06T07:00:00+00:00,"Barracks, Jail"
2025-11-06,08:00,2025-11-06T08:00:00+00:00,"Outer Steppes, Plains of Despair"
2025-11-06,09:00,2025-11-06T09:00:00+00:00,"Cold Plains, Cave"
2025-11-06,10:00,2025-11-06T10:00:00+00:00,"Nihlathak's Temple, Temple Halls"
2025-11-06,11:00,2025-11-06T11:00:00+00:00,Lut Gholein Sewers
2025-11-06,12:00,2025-11-06T12:00:00+00:00,"Rocky Waste, Stony Tomb"
2025-11-06,13:00,2025-11-06T13:00:00+00:00,"Barracks, Jail"
2025-11-06,14:00,2025-11-06T14:00:00+00:00,"Worldstone Keep, Throne of Destruction, Worldstone Chamber"
2025-11-06,15:00,2025-11-06T15:00:00+00:00,"Spider Forest, Spider Cavern"
2025-11-06,16:00,2025-11-06T16:00:00+00:00,Durance of Hate
2025-11-06,17:00,2025-11-06T17:00:00+00:00,Ancient Tunnels
2025-11-06,18:00,2025-11-06T18:00:00+00:00,Arcane Sanctuary
2025-11-06,19:00,2025-11-06T19:00:00+00:00,The Secret Cow Level
2025-11-06,20:00,2025-11-06T20:00:00+00:00,Great Marsh
2025-11-06,21:00,2025-11-06T21:00:00+00:00,"Arreat Plateau, Pit of Acheron"
2025-11-06,22:00,2025-11-06T22:00:00+00:00,"Lost City, Valley of Snakes, Claw Viper Temple"
2025-11-06,23:00,2025-11-06T23:00:00+00:00,Arcane Sanctuary
2025-11-07,00:00,2025-11-07T00:00:00+00:00,Travincal
2025-11-07,01:00,2025-11-07T01:00:00+00:00,"Black Marsh, The Hole"
2025-11-07,02:00,2025-11-07T02:00:00+00:00,"Nihlathak's Temple, Temple Halls"
2025-11-07,03:00,2025-11-07T03:00:00+00:00,"Tal Rasha's Tombs, Tal Rasha's Chamber"
2025-11-07,04:00,2025-11-07T04:00:00+00:00,Forgotten Tower
2025-11-07,05:00,2025-11-07T05:00:00+00:00,"Glacial Trail, Drifter Cavern"
2025-11-07,06:00,2025-11-07T06:00:00+00:00,Lut Gholein Sewers
2025-11-07,07:00,2025-11-07T07:00:00+00:00,"Dark Wood, Underground Passage"
2025-11-07,08:00,2025-11-07T08:00:00+00:00,"Spider Forest, Spider Cavern"
2025-11-07,09:00,2025-11-07T09:00:00+00:00,"Bloody Foothills, Frigid Highlands, Abaddon"
2025-11-07,10:00,2025-11-07T10:00:00+00:00,Tristram
2025-11-07,11:00,2025-11-07T11:00:00+00:00,"Kurast Bazaar, Ruined Temple, Disused Fane"
2025-11-07,12:00,2025-11-07T12:00:00+00:00,"Ancient's Way, Icy Cellar"
2025-11-07,13:00,2025-11-07T13:00:00+00:00,"Outer Steppes, Plains of Despair"
2025-11-07,14:00,2025-11-07T14:00:00+00:00,Forgotten Tower
2025-11-07,15:00,2025-11-07T15:00:00+00:00,The Secret Cow Level
2025-11-07,16:00,2025-11-07T16:00:00+00:00,Pit
2025-11-07,17:00,2025-11-07T17:00:00+00:00,"Burial Grounds, Crypt, Mausoleum"
2025-11-07,18:00,2025-11-07T18:00:00+00:00,Chaos Sanctuary
2025-11-07,19:00,2025-11-07T19:00:00+00:00,"Flayer Jungle, Flayer Dungeon"
2025-11-07,20:00,2025-11-07T20:00:00+00:00,"Worldstone Keep, Throne of Destruction, Worldstone Chamber"
2025-11-07,21:00,2025-11-07T21:00:00+00:00,"Dark Wood, Underground Passage"
2025-11-07,22:00,2025-11-07T22:00:00+00:00,"City of the Damned, River of Flame"
2025-11-07,23:00,2025-11-07T23:00:00+00:00,"Blood Moor, Den of Evil"
2025-11-08,00:00,2025-11-08T00:00:00+00:00,Far Oasis
2025-11-08,01:00,2025-11-08T01:00:00+00:00,"Cathedral, Catacombs"
2025-11-08,02:00,2025-11-08T02:00:00+00:00,"Kurast Bazaar, Ruined Temple, Disused Fane"
2025-11-08,03:00,2025-11-08T03:00:00+00:00,"Arreat Plateau, Pit of Acheron"
2025-11-08,04:00,2025-11-08T04:00:00+00:00,"Crystalline Passage, Frozen River"
2025-11-08,05:00,2025-11-08T05:00:00+00:00,"Tal Rasha's Tombs, Tal Rasha's Chamber"
2025-11-08,06:00,2025-11-08T06:00:00+00:00,The Secret Cow Level
2025-11-08,07:00,2025-11-08T07:00:00+00:00,"Glacial Trail, Drifter Cavern"
2025-11-08,08:00,2025-11-08T08:00:00+00:00,Travincal
2025-11-08,09:00,2025-11-08T09:00:00+00:00,"Black Marsh, The Hole"
2025-11-08,10:00,2025-11-08T10:00:00+00:00,"Dry Hills, Halls of the Dead"
2025-11-08,11:00,2025-11-08T11:00:00+00:00,Chaos Sanctuary
2025-11-08,12:00,2025-11-08T12:00:00+00:00,Pit
2025-11-08,13:00,2025-11-08T13:00:00+00:00,"Spider Forest, Spider Cavern"
2025-11-08,14:00,2025-11-08T14:00:00+00:00,Tristram
2025-11-08,15:00,2025-11-08T15:00:00+00:00,Great Marsh
2025-11-08,16:00,2025-11-08T16:00:00+00:00,Arcane Sanctuary
2025-11-08,17:00,2025-11-08T17:00:00+00:00,Forgotten Tower
2025-11-08,18:00,2025-11-08T18:00:00+00:00,"Bloody Foothills, Frigid Highlands, Abaddon"
2025-11-08,19:00,2025-11-08T19:00:00+00:00,"Barracks, Jail"
2025-11-08,20:00,2025-11-08T20:00:00+00:00,"Nihlathak's Temple, Temple Halls"
2025-11-08,21:00,2025-11-08T21:00:00+00:00,"Lost City, Valley of Snakes, Claw Viper Temple"
2025-11-08,22:00,2025-11-08T22:00:00+00:00,Stony Field
2025-11-08,23:00,2025-11-08T23:00:00+00:00,"Cold Plains, Cave"
2025-11-09,00:00,2025-11-09T00:00:00+00:00,Far Oasis
2025-11-09,01:00,2025-11-09T01:00:00+00:00,"Rocky Waste, Stony Tomb"
2025-11-09,02:00,2025-11-09T02:00:00+00:00,"Spider Forest, Spider Cavern"
2025-11-09,03:00,2025-11-09T03:00:00+00:00,"Burial Grounds, Crypt, Mausoleum"
2025-11-09,04:00,2025-11-09T04:00:00+00:00,"City of the Damned, River of Flame"
2025-11-09,05:00,2025-11-09T05:00:00+00:00,"Barracks, Jail"
2025-11-09,06:00,2025-11-09T06:00:00+00:00,"Crystalline Passage, Frozen River"
2025-11-09,07:00,2025-11-09T07:00:00+00:00,"Outer Steppes, Plains of Despair"
2025-11-09,08:00,2025-11-09T08:00:00+00:00,Lut Gholein Sewers
2025-11-09,09:00,2025-11-09T09:00:00+00:00,"Flayer Jungle, Flayer Dungeon"
2025-11-09,10:00,2025-11-09T10:00:00+00:00,"Lost City, Valley of Snakes, Claw Viper Temple"
2025-11-09,11:00,2025-11-09T11:00:00+00:00,Stony Field
2025-11-09,12:00,2025-11-09T12:00:00+00:00,"Crystalline Passage, Frozen River"
2025-11-09,13:00,2025-11-09T13:00:00+00:00,Ancient Tunnels
2025-11-09,14:00,2025-11-09T14:00:00+00:00,"Tal Rasha's Tombs, Tal Rasha's Chamber"
2025-11-09,15:00,2025-11-09T15:00:00+00:00,"Blood Moor, Den of Evil"
2025-11-09,16:00,2025-11-09T16:00:00+00:00,Arcane Sanctuary
2025-11-09,17:00,2025-11-09T17:00:00+00:00,"Rocky Waste, Stony Tomb"
2025-11-09,18:00,2025-11-09T18:00:00+00:00,Chaos Sanctuary
2025-11-09,19:00,2025-11-09T19:00:00+00:00,"Ancient's Way, Icy Cellar"
2025-11-09,20:00,2025-11-09T20:00:00+00:00,Durance of Hate
2025-11-09,21:00,2025-11-09T21:00:00+00:00,Tristram
2025-11-09,22:00,2025-11-09T22:00:00+00:00,Forgotten Tower
2025-11-09,23:00,2025-11-09T23:00:00+00:00,"Arreat Plateau, Pit of Acheron"
2025-11-10,00:00,2025-11-10T00:00:00+00:00,Pit
2025-11-10,01:00,2025-11-10T01:00:00+00:00,Great Marsh
2025-11-10,02:00,2025-11-10T02:00:00+00:00,"Dry Hills, Halls of the Dead"
2025-11-10,03:00,2025-11-10T03:00:00+00:00,"Cold Plains, Cave"
2025-11-10,04:00,2025-11-10T04:00:00+00:00,"Dark Wood, Underground Passage"
2025-11-10,05:00,2025-11-10T05:00:00+00:00,"Burial Grounds, Crypt, Mausoleum"
2025-11-10,06:00,2025-11-10T06:00:00+00:00,"Barracks, Jail"
2025-11-10,07:00,2025-11-10T07:00:00+00:00,"Flayer Jungle, Flayer Dungeon"
2025-11-10,08:00,2025-11-10T08:00:00+00:00,Lut Gholein Sewers
2025-11-10,09:00,2025-11-10T09:00:00+00:00,"Lost City, Valley of Snakes, Claw Viper Temple"
2025-11-10,10:00,2025-11-10T10:00:00+00:00,"Tal Rasha's Tombs, Tal Rasha's Chamber"
2025-11-10,11:00,2025-11-10T11:00:00+00:00,Ancient Tunnels
2025-11-10,12:00,2025-11-10T12:00:00+00:00,"Cathedral, Catacombs"
2025-11-10,13:00,2025-11-10T13:00:00+00:00,"Black Marsh, The Hole"
2025-11-10,14:00,2025-11-10T14:00:00+00:00,Tristram
2025-11-10,15:00,2025-11-10T15:00:00+00:00,"Nihlathak's Temple, Temple Halls"
2025-11-10,16:00,2025-11-10T16:00:00+00:00,"Rocky Waste, Stony Tomb"
2025-11-10,17:00,2025-11-10T17:00:00+00:00,"City of the Damned, River of Flame"
2025-11-10,18:00,2025-11-10T18:00:00+00:00,"Outer Steppes, Plains of Despair"
2025-11-10,19:00,2025-11-10T19:00:00+00:00,The Secret Cow Level
2025-11-10,20:00,2025-11-10T20:00:00+00:00,Chaos Sanctuary
2025-11-10,21:00,2025-11-10T21:00:00+00:00,"Dry Hills, Halls of the Dead"
2025-11-10,22:00,2025-11-10T22:00:00+00:00,"Glacial Trail, Drifter Cavern"
2025-11-10,23:00,2025-11-10T23:00:00+00:00,Travincal
2025-11-11,00:00,2025-11-11T00:00:00+00:00,"Tal Rasha's Tombs, Tal Rasha's Chamber"
2025-11-11,01:00,2025-11-11T01:00:00+00:00,"Spider Forest, Spider Cavern"
2025-11-11,02:00,2025-11-11T02:00:00+00:00,"Nihlathak's Temple, Temple Halls"
2025-11-11,03:00,2025-11-11T03:00:00+00:00,Chaos Sanctuary
2025-11-11,04:00,2025-11-11T04:00:00+00:00,"Worldstone Keep, Throne of Destruction, Worldstone Chamber"
2025-11-11,05:00,2025-11-11T05:00:00+00:00,"Kurast Bazaar, Ruined Temple, Disused Fane"
2025-11-11,06:00,2025-11-11T06:00:00+00:00,"Ancient's Way, Icy Cellar"
2025-11-11,07:00,2025-11-11T07:00:00+00:00,"Burial Grounds, Crypt, Mausoleum"
2025-11-11,08:00,2025-11-11T08:00:00+00:00,Far Oasis
2025-11-11,09:00,2025-11-11T09:00:00+00:00,"Rocky Waste, Stony Tomb"
2025-11-11,10:00,2025-11-11T10:00:00+00:00,"Crystalline Passage, Frozen River"
2025-11-11,11:00,2025-11-11T11:00:00+00:00,Chaos Sanctuary
2025-11-11,12:00,2025-11-11T12:00:00+00:00,Lut Gholein Sewers
2025-11-11,13:00,2025-11-11T13:00:00+00:00,Stony Field
2025-11-11,14:00,2025-11-11T14:00:00+00:00,Tristram
2025-11-11,15:00,2025-11-11T15:00:00+00:00,"Blood Moor, Den of Evil"
2025-11-11,16:00,2025-11-11T16:00:00+00:00,Chaos Sanctuary
2025-11-11,17:00,2025-11-11T17:00:00+00:00,"Flayer Jungle, Flayer Dungeon"
2025-11-11,18:00,2025-11-11T18:00:00+00:00,"Bloody Foothills, Frigid Highlands, Abaddon"
2025-11-11,19:00,2025-11-11T19:00:00+00:00,"Arreat Plateau, Pit of Acheron"
2025-11-11,20:00,2025-11-11T20:00:00+00:00,The Secret Cow Level
2025-11-11,21:00,2025-11-11T21:00:00+00:00,"Crystalline Passage, Frozen River"
2025-11-11,22:00,2025-11-11T22:00:00+00:00,"Outer Steppes, Plains of Despair"
2025-11-11,23:00,2025-11-11T23:00:00+00:00,"City of the Damned, River of Flame"
2025-11-12,00:00,2025-11-12T00:00:00+00:00,"Dark Wood, Underground Passage"
2025-11-12,01:00,2025-11-12T01:00:00+00:00,Forgotten Tower
2025-11-12,02:00,2025-11-12T02:00:00+00:00,"Dry Hills, Halls of the Dead"
2025-11-12,03:00,2025-11-12T03:00:00+00:00,Great Marsh
2025-11-12,04:00,2025-11-12T04:00:00+00:00,"Nihlathak's Temple, Temple Halls"
2025-11-12,05:00,2025-11-12T05:00:00+00:00,"Cathedral, Catacombs"
2025-11-12,06:00,2025-11-12T06:00:00+00:00,"Glacial Trail, Drifter Cavern"
2025-11-12,07:00,2025-11-12T07:00:00+00:00,"Dark Wood, Underground Passage"
2025-11-12,08:00,2025-11-12T08:00:00+00:00,"Outer Steppes, Plains of Despair"
2025-11-12,09:00,2025-11-12T09:00:00+00:00,Durance of Hate
2025-11-12,10:00,2025-11-12T10:00:00+00:00,"Flayer Jungle, Flayer Dungeon"
2025-11-12,11:00,2025-11-12T11:00:00+00:00,"Rocky Waste, Stony Tomb"
2025-11-12,12:00,2025-11-12T12:00:00+00:00,Travincal
2025-11-12,13:00,2025-11-12T13:00:00+00:00,"Barracks, Jail"
2025-11-12,14:00,2025-11-12T14:00:00+00:00,"Lost City, Valley of Snakes, Claw Viper Temple"
2025-11-12,15:00,2025-11-12T15:00:00+00:00,Pit
2025-11-12,16:00,2025-11-12T16:00:00+00:00,Stony Field
2025-11-12,17:00,2025-11-12T17:00:00+00:00,Arcane Sanctuary
2025-11-12,18:00,2025-11-12T18:00:00+00:00,"Outer Steppes, Plains of Despair"
2025-11-12,19:00,2025-11-12T19:00:00+00:00,"Ancient's Way, Icy Cellar"
2025-11-12,20:00,2025-11-12T20:00:00+00:00,"Dry Hills, Halls of the Dead"
2025-11-12,21:00,2025-11-12T21:00:00+00:00,"Worldstone Keep, Throne of Destruction, Worldstone Chamber"
2025-11-12,22:00,2025-11-12T22:00:00+00:00,"Arreat Plateau, Pit of Acheron"
2025-11-12,23:00,2025-11-12T23:00:00+00:00,"Black Marsh, The Hole"
2025-11-13,00:00,2025-11-13T00:00:00+00:00,"Cold Plains, Cave"
2025-11-13,01:00,2025-11-13T01:00:00+00:00,"Flayer Jungle, Flayer Dungeon"
2025-11-13,02:00,2025-11-13T02:00:00+00:00,"Crystalline Passage, Frozen River"
2025-11-13,03:00,2025-11-13T03:00:00+00:00,"Burial Grounds, Crypt, Mausoleum"
2025-11-13,04:00,2025-11-13T04:00:00+00:00,Travincal
2025-11-13,05:00,2025-11-13T05:00:00+00:00,"Bloody Foothills, Frigid Highlands, Abaddon"
2025-11-13,06:00,2025-11-13T06:00:00+00:00,"Tal Rasha's Tombs, Tal Rasha's Chamber"
2025-11-13,07:00,2025-11-13T07:00:00+00:00,"Spider Forest, Spider Cavern"
2025-11-13,08:00,2025-11-13T08:00:00+00:00,"Lost City, Valley of Snakes, Claw Viper Temple"
2025-11-13,09:00,2025-11-13T09:00:00+00:00,Chaos Sanctuary
2025-11-13,10:00,2025-11-13T10:00:00+00:00,Far Oasis
2025-11-13,11:00,2025-11-13T11:00:00+00:00,Ancient Tunnels
2025-11-13,12:00,2025-11-13T12:00:00+00:00,Lut Gholein Sewers
2025-11-13,13:00,2025-11-13T13:00:00+00:00,The Secret Cow Level
2025-11-13,14:00,2025-11-13T14:00:00+00:00,"City of the Damned, River of Flame"
2025-11-13,15:00,2025-11-13T15:00:00+00:00,"Ancient's Way, Icy Cellar"
2025-11-13,16:00,2025-11-13T16:00:00+00:00,"Black Marsh, The Hole"
2025-11-13,17:00,2025-11-13T17:00:00+00:00,"Dark Wood, Underground Passage"
2025-11-13,18:00,2025-11-13T18:00:00+00:00,Great Marsh
2025-11-13,19:00,2025-11-13T19:00:00+00:00,Travincal
2025-11-13,20:00,2025-11-13T20:00:00+00:00,"Dry Hills, Halls of the Dead"
2025-11-13,21:00,2025-11-13T21:00:00+00:00,"Outer Steppes, Plains of Despair"
2025-11-13,22:00,2025-11-13T22:00:00+00:00,"Rocky Waste, Stony Tomb"
2025-11-13,23:00,2025-11-13T23:00:00+00:00,"Barracks, Jail"
2025-11-14,00:00,2025-11-14T00:00:00+00:00,"Worldstone Keep, Throne of Destruction, Worldstone Chamber"
2025-11-14,01:00,2025-11-14T01:00:00+00:00,Stony Field
2025-11-14,02:00,2025-11-14T02:00:00+00:00,"Black Marsh, The Hole"
2025-11-14,03:00,2025-11-14T03:00:00+00:00,"Arreat Plateau, Pit of Acheron"
2025-11-14,04:00,2025-11-14T04:00:00+00:00,"Blood Moor, Den of Evil"
2025-11-14,05:00,2025-11-14T05:00:00+00:00,"Dark Wood, Underground Passage"
2025-11-14,06:00,2025-11-14T06:00:00+00:00,"Worldstone Keep, Throne of Destruction, Worldstone Chamber"
2025-11-14,07:00,2025-11-14T07:00:00+00:00,"Tal Rasha's Tombs, Tal Rasha's Chamber"
2025-11-14,08:00,2025-11-14T08:00:00+00:00,"Spider Forest, Spider Cavern"
2025-11-14,09:00,2025-11-14T09:00:00+00:00,Arcane Sanctuary
2025-11-14,10:00,2025-11-14T10:00:00+00:00,Pit
2025-11-14,11:00,2025-11-14T11:00:00+00:00,"Barracks, Jail"
2025-11-14,12:00,2025-11-14T12:00:00+00:00,"City of the Damned, River of Flame"
2025-11-14,13:00,2025-11-14T13:00:00+00:00,"Kurast Bazaar, Ruined Temple, Disused Fane"
2025-11-14,14:00,2025-11-14T14:00:00+00:00,"Nihlathak's Temple, Temple Halls"
2025-11-14,15:00,2025-11-14T15:00:00+00:00,"Black Marsh, The Hole"
2025-11-14,16:00,2025-11-14T16:00:00+00:00,Far Oasis
2025-11-14,17:00,2025-11-14T17:00:00+00:00,Tristram
2025-11-14,18:00,2025-11-14T18:00:00+00:00,Durance of Hate
2025-11-14,19:00,2025-11-14T19:00:00+00:00,Ancient Tunnels
2025-11-14,20:00,2025-11-14T20:00:00+00:00,"Cathedral, Catacombs"
2025-11-14,21:00,2025-11-14T21:00:00+00:00,"Bloody Foothills, Frigid Highlands, Abaddon"
2025-11-14,22:00,2025-11-14T22:00:00+00:00,Travincal
2025-11-14,23:00,2025-11-14T23:00:00+00:00,Chaos Sanctuary
2025-11-15,00:00,2025-11-15T00:00:00+00:00,"City of the Damned, River of Flame"
2025-11-15,01:00,2025-11-15T01:00:00+00:00,Arcane Sanctuary
2025-11-15,02:00,2025-11-15T02:00:00+00:00,"Burial Grounds, Crypt, Mausoleum"
2025-11-15,03:00,2025-11-15T03:00:00+00:00,"Worldstone Keep, Throne of Destruction, Worldstone Chamber"
2025-11-15,04:00,2025-11-15T04:00:00+00:00,Great Marsh
2025-11-15,05:00,2025-11-15T05:00:00+00:00,"Arreat Plateau, Pit of Acheron"
2025-11-15,06:00,2025-11-15T06:00:00+00:00,"Tal Rasha's Tombs, Tal Rasha's Chamber"
2025-11-15,07:00,2025-11-15T07:00:00+00:00,"Crystalline Passage, Frozen River"
2025-11-15,08:00,2025-11-15T08:00:00+00:00,"Blood Moor, Den of Evil"
2025-11-15,09:00,2025-11-15T09:00:00+00:00,Tristram
2025-11-15,10:00,2025-11-15T10:00:00+00:00,"Ancient's Way, Icy Cellar"
2025-11-15,11:00,2025-11-15T11:00:00+00:00,The Secret Cow Level
2025-11-15,12:00,2025-11-15T12:00:00+00:00,"Lost City, Valley of Snakes, Claw Viper Temple"
2025-11-15,13:00,2025-11-15T13:00:00+00:00,"Dry Hills, Halls of the Dead"
2025-11-15,14:00,2025-11-15T14:00:00+00:00,Pit
2025-11-15,15:00,2025-11-15T15:00:00+00:00,"Rocky Waste, Stony Tomb"
2025-11-15,16:00,2025-11-15T16:00:00+00:00,"Flayer Jungle, Flayer Dungeon"
2025-11-15,17:00,2025-11-15T17:00:00+00:00,Arcane Sanctuary
2025-11-15,18:00,2025-11-15T18:00:00+00:00,Durance of Hate
2025-11-15,19:00,2025-11-15T19:00:00+00:00,Forgotten Tower
2025-11-15,20:00,2025-11-15T20:00:00+00:00,"Cathedral, Catacombs"
2025-11-15,21:00,2025-11-15T21:00:00+00:00,"Glacial Trail, Drifter Cavern"
2025-11-15,22:00,2025-11-15T22:00:00+00:00,Pit
2025-11-15,23:00,2025-11-15T23:00:00+00:00,"Lost City, Valley of Snakes, Claw Viper Temple"
2025-11-16,00:00,2025-11-16T00:00:00+00:00,"Cold Plains, Cave"
2025-11-16,01:00,2025-11-16T01:00:00+00:00,"Nihlathak's Temple, Temple Halls"
2025-11-16,02:00,2025-11-16T02:00:00+00:00,Lut Gholein Sewers
2025-11-16,03:00,2025-11-16T03:00:00+00:00,"Burial Grounds, Crypt, Mausoleum"
2025-11-16,04:00,2025-11-16T04:00:00+00:00,Far Oasis
2025-11-16,05:00,2025-11-16T05:00:00+00:00,"Dark Wood, Underground Passage"
2025-11-16,06:00,2025-11-16T06:00:00+00:00,Arcane Sanctuary
2025-11-16,07:00,2025-11-16T07:00:00+00:00,"Tal Rasha's Tombs, Tal Rasha's Chamber"
2025-11-16,08:00,2025-11-16T08:00:00+00:00,"City of the Damned, River of Flame"
2025-11-16,09:00,2025-11-16T09:00:00+00:00,"Barracks, Jail"
2025-11-16,10:00,2025-11-16T10:00:00+00:00,"Cold Plains, Cave"
2025-11-16,11:00,2025-11-16T11:00:00+00:00,Durance of Hate
2025-11-16,12:00,2025-11-16T12:00:00+00:00,Ancient Tunnels
2025-11-16,13:00,2025-11-16T13:00:00+00:00,Great Marsh
2025-11-16,14:00,2025-11-16T14:00:00+00:00,"Kurast Bazaar, Ruined Temple, Disused Fane"
2025-11-16,15:00,2025-11-16T15:00:00+00:00,"Bloody Foothills, Frigid Highlands, Abaddon"
2025-11-16,16:00,2025-11-16T16:00:00+00:00,"Black Marsh, The Hole"
2025-11-16,17:00,2025-11-16T17:00:00+00:00,"Outer Steppes, Plains of Despair"
2025-11-16,18:00,2025-11-16T18:00:00+00:00,"Crystalline Passage, Frozen River"
2025-11-16,19:00,2025-11-16T19:00:00+00:00,Pit
2025-11-16,20:00,2025-11-16T20:00:00+00:00,Stony Field
2025-11-16,21:00,2025-11-16T21:00:00+00:00,"Ancient's Way, Icy Cellar"
2025-11-16,22:00,2025-11-16T22:00:00+00:00,"Cathedral, Catacombs"
2025-11-16,23:00,2025-11-16T23:00:00+00:00,"Glacial Trail, Drifter Cavern"
2025-11-17,00:00,2025-11-17T00:00:00+00:00,Tristram
2025-11-17,01:00,2025-11-17T01:00:00+00:00,"Blood Moor, Den of Evil"
2025-11-17,02:00,2025-11-17T02:00:00+00:00,Forgotten Tower
2025-11-17,03:00,2025-11-17T03:00:00+00:00,"City of the Damned, River of Flame"
2025-11-17,04:00,2025-11-17T04:00:00+00:00,Far Oasis
2025-11-17,05:00,2025-11-17T05:00:00+00:00,"Worldstone Keep, Throne of Destruction, Worldstone Chamber"
2025-11-17,06:00,2025-11-17T06:00:00+00:00,"Spider Forest, Spider Cavern"
2025-11-17,07:00,2025-11-17T07:00:00+00:00,Tristram
2025-11-17,08:00,2025-11-17T08:00:00+00:00,Lut Gholein Sewers
2025-11-17,09:00,2025-11-17T09:00:00+00:00,"Kurast Bazaar, Ruined Temple, Disused Fane"
2025-11-17,10:00,2025-11-17T10:00:00+00:00,Arcane Sanctuary
2025-11-17,11:00,2025-11-17T11:00:00+00:00,"Arreat Plateau, Pit of Acheron"
2025-11-17,12:00,2025-11-17T12:00:00+00:00,"Burial Grounds, Crypt, Mausoleum"
2025-11-17,13:00,2025-11-17T13:00:00+00:00,"Nihlathak's Temple, Temple Halls"
2025-11-17,14:00,2025-11-17T14:00:00+00:00,Chaos Sanctuary
2025-11-17,15:00,2025-11-17T15:00:00+00:00,"Glacial Trail, Drifter Cavern"
2025-11-17,16:00,2025-11-17T16:00:00+00:00,Stony Field
2025-11-17,17:00,2025-11-17T17:00:00+00:00,"Outer Steppes, Plains of Despair"
2025-11-17,18:00,2025-11-17T18:00:00+00:00,"Tal Rasha's Tombs, Tal Rasha's Chamber"
2025-11-17,19:00,2025-11-17T19:00:00+00:00,"Nihlathak's Temple, Temple Halls"
2025-11-17,20:00,2025-11-17T20:00:00+00:00,The Secret Cow Level
2025-11-17,21:00,2025-11-17T21:00:00+00:00,"Lost City, Valley of Snakes, Claw Viper Temple"
2025-11-17,22:00,2025-11-17T22:00:00+00:00,Travincal
2025-11-17,23:00,2025-11-17T23:00:00+00:00,"City of the Damned, River of Flame"
2025-11-18,00:00,2025-11-18T00:00:00+00:00,"Cathedral, Catacombs"
2025-11-18,01:00,2025-11-18T01:00:00+00:00,"Rocky Waste, Stony Tomb"
2025-11-18,02:00,2025-11-18T02:00:00+00:00,"Cold Plains, Cave"
2025-11-18,03:00,2025-11-18T03:00:00+00:00,"Spider Forest, Spider Cavern"
2025-11-18,04:00,2025-11-18T04:00:00+00:00,"Blood Moor, Den of Evil"
2025-11-18,05:00,2025-11-18T05:00:00+00:00,"Bloody Foothills, Frigid Highlands, Abaddon"
2025-11-18,06:00,2025-11-18T06:00:00+00:00,Pit
2025-11-18,07:00,2025-11-18T07:00:00+00:00,"Lost City, Valley of Snakes, Claw Viper Temple"
2025-11-18,08:00,2025-11-18T08:00:00+00:00,Ancient Tunnels
2025-11-18,09:00,2025-11-18T09:00:00+00:00,"Black Marsh, The Hole"
2025-11-18,10:00,2025-11-18T10:00:00+00:00,"Barracks, Jail"
2025-11-18,11:00,2025-11-18T11:00:00+00:00,Ancient Tunnels
2025-11-18,12:00,2025-11-18T12:00:00+00:00,"Dark Wood, Underground Passage"
2025-11-18,13:00,2025-11-18T13:00:00+00:00,"Flayer Jungle, Flayer Dungeon"
2025-11-18,14:00,2025-11-18T14:00:00+00:00,Arcane Sanctuary
2025-11-18,15:00,2025-11-18T15:00:00+00:00,"Rocky Waste, Stony Tomb"
2025-11-18,16:00,2025-11-18T16:00:00+00:00,"Blood Moor, Den of Evil"
2025-11-18,17:00,2025-11-18T17:00:00+00:00,"Tal Rasha's Tombs, Tal Rasha's Chamber"
2025-11-18,18:00,2025-11-18T18:00:00+00:00,Lut Gholein Sewers
2025-11-18,19:00,2025-11-18T19:00:00+00:00,"Arreat Plateau, Pit of Acheron"
2025-11-18,20:00,2025-11-18T20:00:00+00:00,Great Marsh
2025-11-18,21:00,2025-11-18T21:00:00+00:00,"Outer Steppes, Plains of Despair"
2025-11-18,22:00,2025-11-18T22:00:00+00:00,"Crystalline Passage, Frozen River"
2025-11-18,23:00,2025-11-18T23:00:00+00:00,"Spider Forest, Spider Cavern"
2025-11-19,00:00,2025-11-19T00:00:00+00:00,Ancient Tunnels
2025-11-19,01:00,2025-11-19T01:00:00+00:00,The Secret Cow Level
2025-11-19,02:00,2025-11-19T02:00:00+00:00,Forgotten Tower
2025-11-19,03:00,2025-11-19T03:00:00+00:00,"Glacial Trail, Drifter Cavern"
2025-11-19,04:00,2025-11-19T04:00:00+00:00,Durance of Hate
2025-11-19,05:00,2025-11-19T05:00:00+00:00,"Worldstone Keep, Throne of Destruction, Worldstone Chamber"
2025-11-19,06:00,2025-11-19T06:00:00+00:00,"Outer Steppes, Plains of Despair"
2025-11-19,07:00,2025-11-19T07:00:00+00:00,Travincal
2025-11-19,08:00,2025-11-19T08:00:00+00:00,"Dark Wood, Underground Passage"
2025-11-19,09:00,2025-11-19T09:00:00+00:00,"Rocky Waste, Stony Tomb"
2025-11-19,10:00,2025-11-19T10:00:00+00:00,Stony Field
2025-11-19,11:00,2025-11-19T11:00:00+00:00,"Nihlathak's Temple, Temple Halls"
2025-11-19,12:00,2025-11-19T12:00:00+00:00,"Barracks, Jail"
2025-11-19,13:00,2025-11-19T13:00:00+00:00,Tristram
2025-11-19,14:00,2025-11-19T14:00:00+00:00,"Glacial Trail, Drifter Cavern"
2025-11-19,15:00,2025-11-19T15:00:00+00:00,"Blood Moor, Den of Evil"
2025-11-19,16:00,2025-11-19T16:00:00+00:00,Durance of Hate
2025-11-19,17:00,2025-11-19T17:00:00+00:00,Lut Gholein Sewers
2025-11-19,18:00,2025-11-19T18:00:00+00:00,Ancient Tunnels
2025-11-19,19:00,2025-11-19T19:00:00+00:00,The Secret Cow Level
2025-11-19,20:00,2025-11-19T20:00:00+00:00,"Nihlathak's Temple, Temple Halls"
2025-11-19,21:00,2025-11-19T21:00:00+00:00,"Burial Grounds, Crypt, Mausoleum"
2025-11-19,22:00,2025-11-19T22:00:00+00:00,"Crystalline Passage, Frozen River"
2025-11-19,23:00,2025-11-19T23:00:00+00:00,"Glacial Trail, Drifter Cavern"
2025-11-20,00:00,2025-11-20T00:00:00+00:00,"Ancient's Way, Icy Cellar"
2025-11-20,01:00,2025-11-20T01:00:00+00:00,Far Oasis
2025-11-20,02:00,2025-11-20T02:00:00+00:00,"Dark Wood, Underground Passage"
2025-11-20,03:00,2025-11-20T03:00:00+00:00,"Rocky Waste, Stony Tomb"
2025-11-20,04:00,2025-11-20T04:00:00+00:00,"Cathedral, Catacombs"
2025-11-20,05:00,2025-11-20T05:00:00+00:00,"Outer Steppes, Plains of Despair"
2025-11-20,06:00,2025-11-20T06:00:00+00:00,Chaos Sanctuary
2025-11-20,07:00,2025-11-20T07:00:00+00:00,Pit
2025-11-20,08:00,2025-11-20T08:00:00+00:00,"Spider Forest, Spider Cavern"
2025-11-20,09:00,2025-11-20T09:00:00+00:00,Durance of Hate
2025-11-20,10:00,2025-11-20T10:00:00+00:00,"Crystalline Passage, Frozen River"
2025-11-20,11:00,2025-11-20T11:00:00+00:00,Travincal
2025-11-20,12:00,2025-11-20T12:00:00+00:00,"Dry Hills, Halls of the Dead"
2025-11-20,13:00,2025-11-20T13:00:00+00:00,"Worldstone Keep, Throne of Destruction, Worldstone Chamber"
2025-11-20,14:00,2025-11-20T14:00:00+00:00,"Cold Plains, Cave"
2025-11-20,15:00,2025-11-20T15:00:00+00:00,Chaos Sanctuary
2025-11-20,16:00,2025-11-20T16:00:00+00:00,Great Marsh
2025-11-20,17:00,2025-11-20T17:00:00+00:00,"Dark Wood, Underground Passage"
2025-11-20,18:00,2025-11-20T18:00:00+00:00,"Kurast Bazaar, Ruined Temple, Disused Fane"
2025-11-20,19:00,2025-11-20T19:00:00+00:00,"Lost City, Valley of Snakes, Claw Viper Temple"
2025-11-20,20:00,2025-11-20T20:00:00+00:00,Ancient Tunnels
2025-11-20,21:00,2025-11-20T21:00:00+00:00,"Blood Moor, Den of Evil"
2025-11-20,22:00,2025-11-20T22:00:00+00:00,Tristram
2025-11-20,23:00,2025-11-20T23:00:00+00:00,"Arreat Plateau, Pit of Acheron"
2025-11-21,00:00,2025-11-21T00:00:00+00:00,Arcane Sanctuary
2025-11-21,01:00,2025-11-21T01:00:00+00:00,"Flayer Jungle, Flayer Dungeon"
2025-11-21,02:00,2025-11-21T02:00:00+00:00,Lut Gholein Sewers
2025-11-21,03:00,2025-11-21T03:00:00+00:00,"Tal Rasha's Tombs, Tal Rasha's Chamber"
2025-11-21,04:00,2025-11-21T04:00:00+00:00,The Secret Cow Level
2025-11-21,05:00,2025-11-21T05:00:00+00:00,"Black Marsh, The Hole"
2025-11-21,06:00,2025-11-21T06:00:00+00:00,"Barracks, Jail"
2025-11-21,07:00,2025-11-21T07:00:00+00:00,"Bloody Foothills, Frigid Highlands, Abaddon"
2025-11-21,08:00,2025-11-21T08:00:00+00:00,Travincal
2025-11-21,09:00,2025-11-21T09:00:00+00:00,"Rocky Waste, Stony Tomb"
2025-11-21,10:00,2025-11-21T10:00:00+00:00,"Cathedral, Catacombs"
2025-11-21,11:00,2025-11-21T11:00:00+00:00,"Dry Hills, Halls of the Dead"
2025-11-21,12:00,2025-11-21T12:00:00+00:00,Pit
2025-11-21,13:00,2025-11-21T13:00:00+00:00,"Glacial Trail, Drifter Cavern"
2025-11-21,14:00,2025-11-21T14:00:00+00:00,"Burial Grounds, Crypt, Mausoleum"
2025-11-21,15:00,2025-11-21T15:00:00+00:00,"Kurast Bazaar, Ruined Temple, Disused Fane"
2025-11-21,16:00,2025-11-21T16:00:00+00:00,Great Marsh
2025-11-21,17:00,2025-11-21T17:00:00+00:00,"Cold Plains, Cave"
2025-11-21,18:00,2025-11-21T18:00:00+00:00,Stony Field
2025-11-21,19:00,2025-11-21T19:00:00+00:00,Durance of Hate
2025-11-21,20:00,2025-11-21T20:00:00+00:00,"Ancient's Way, Icy Cellar"
2025-11-21,21:00,2025-11-21T21:00:00+00:00,"City of the Damned, River of Flame"
2025-11-21,22:00,2025-11-21T22:00:00+00:00,"Worldstone Keep, Throne of Destruction, Worldstone Chamber"
2025-11-21,23:00,2025-11-21T23:00:00+00:00,"Crystalline Passage, Frozen River"
2025-11-22,00:00,2025-11-22T00:00:00+00:00,"Burial Grounds, Crypt, Mausoleum"
2025-11-22,01:00,2025-11-22T01:00:00+00:00,Forgotten Tower
2025-11-22,02:00,2025-11-22T02:00:00+00:00,"Blood Moor, Den of Evil"
2025-11-22,03:00,2025-11-22T03:00:00+00:00,"Rocky Waste, Stony Tomb"
2025-11-22,04:00,2025-11-22T04:00:00+00:00,"Outer Steppes, Plains of Despair"
2025-11-22,05:00,2025-11-22T05:00:00+00:00,Arcane Sanctuary
2025-11-22,06:00,2025-11-22T06:00:00+00:00,"Black Marsh, The Hole"
2025-11-22,07:00,2025-11-22T07:00:00+00:00,"Barracks, Jail"
2025-11-22,08:00,2025-11-22T08:00:00+00:00,Tristram
2025-11-22,09:00,2025-11-22T09:00:00+00:00,"Cathedral, Catacombs"
2025-11-22,10:00,2025-11-22T10:00:00+00:00,Travincal
2025-11-22,11:00,2025-11-22T11:00:00+00:00,Far Oasis
2025-11-22,12:00,2025-11-22T12:00:00+00:00,"Flayer Jungle, Flayer Dungeon"
2025-11-22,13:00,2025-11-22T13:00:00+00:00,"Lost City, Valley of Snakes, Claw Viper Temple"
2025-11-22,14:00,2025-11-22T14:00:00+00:00,"Bloody Foothills, Frigid Highlands, Abaddon"
2025-11-22,15:00,2025-11-22T15:00:00+00:00,"Outer Steppes, Plains of Despair"
2025-11-22,16:00,2025-11-22T16:00:00+00:00,Lut Gholein Sewers
2025-11-22,17:00,2025-11-22T17:00:00+00:00,"Spider Forest, Spider Cavern"
2025-11-22,18:00,2025-11-22T18:00:00+00:00,"Nihlathak's Temple, Temple Halls"
2025-11-22,19:00,2025-11-22T19:00:00+00:00,Ancient Tunnels
2025-11-22,20:00,2025-11-22T20:00:00+00:00,"Cold Plains, Cave"
2025-11-22,21:00,2025-11-22T21:00:00+00:00,"Dry Hills, Halls of the Dead"
2025-11-22,22:00,2025-11-22T22:00:00+00:00,Great Marsh
2025-11-22,23:00,2025-11-22T23:00:00+00:00,"Arreat Plateau, Pit of Acheron"
2025-11-23,00:00,2025-11-23T00:00:00+00:00,"Ancient's Way, Icy Cellar"
2025-11-23,01:00,2025-11-23T01:00:00+00:00,"Glacial Trail, Drifter Cavern"
2025-11-23,02:00,2025-11-23T02:00:00+00:00,Tristram
2025-11-23,03:00,2025-11-23T03:00:00+00:00,Chaos Sanctuary
2025-11-23,04:00,2025-11-23T04:00:00+00:00,"Worldstone Keep, Throne of Destruction, Worldstone Chamber"
2025-11-23,05:00,2025-11-23T05:00:00+00:00,Pit
2025-11-23,06:00,2025-11-23T06:00:00+00:00,"Burial Grounds, Crypt, Mausoleum"
2025-11-23,07:00,2025-11-23T07:00:00+00:00,Travincal
2025-11-23,08:00,2025-11-23T08:00:00+00:00,"Outer Steppes, Plains of Despair"
2025-11-23,09:00,2025-11-23T09:00:00+00:00,"Rocky Waste, Stony Tomb"
2025-11-23,10:00,2025-11-23T10:00:00+00:00,The Secret Cow Level
2025-11-23,11:00,2025-11-23T11:00:00+00:00,"Tal Rasha's Tombs, Tal Rasha's Chamber"
2025-11-23,12:00,2025-11-23T12:00:00+00:00,"Blood Moor, Den of Evil"
2025-11-23,13:00,2025-11-23T13:00:00+00:00,"City of the Damned, River of Flame"
2025-11-23,14:00,2025-11-23T14:00:00+00:00,"Crystalline Passage, Frozen River"
2025-11-23,15:00,2025-11-23T15:00:00+00:00,"Ancient's Way, Icy Cellar"
2025-11-23,16:00,2025-11-23T16:00:00+00:00,"Lost City, Valley of Snakes, Claw Viper Temple"
2025-11-23,17:00,2025-11-23T17:00:00+00:00,"Barracks, Jail"
2025-11-23,18:00,2025-11-23T18:00:00+00:00,"Flayer Jungle, Flayer Dungeon"
2025-11-23,19:00,2025-11-23T19:00:00+00:00,Tristram
2025-11-23,20:00,2025-11-23T20:00:00+00:00,"Kurast Bazaar, Ruined Temple, Disused Fane"
2025-11-23,21:00,2025-11-23T21:00:00+00:00,"Dry Hills, Halls of the Dead"
2025-11-23,22:00,2025-11-23T22:00:00+00:00,"Nihlathak's Temple, Temple Halls"
2025-11-23,23:00,2025-11-23T23:00:00+00:00,Far Oasis
2025-11-24,00:00,2025-11-24T00:00:00+00:00,"Bloody Foothills, Frigid Highlands, Abaddon"
2025-11-24,01:00,2025-11-24T01:00:00+00:00,Durance of Hate
2025-11-24,02:00,2025-11-24T02:00:00+00:00,Forgotten Tower
2025-11-24,03:00,2025-11-24T03:00:00+00:00,Ancient Tunnels
2025-11-24,04:00,2025-11-24T04:00:00+00:00,"Cathedral, Catacombs"
2025-11-24,05:00,2025-11-24T05:00:00+00:00,"Worldstone Keep, Throne of Destruction, Worldstone Chamber"
2025-11-24,06:00,2025-11-24T06:00:00+00:00,Lut Gholein Sewers
2025-11-24,07:00,2025-11-24T07:00:00+00:00,"Black Marsh, The Hole"
2025-11-24,08:00,2025-11-24T08:00:00+00:00,Stony Field
2025-11-24,09:00,2025-11-24T09:00:00+00:00,"Cold Plains, Cave"
2025-11-24,10:00,2025-11-24T10:00:00+00:00,"City of the Damned, River of Flame"
2025-11-24,11:00,2025-11-24T11:00:00+00:00,Arcane Sanctuary
2025-11-24,12:00,2025-11-24T12:00:00+00:00,"Lost City, Valley of Snakes, Claw Viper Temple"
2025-11-24,13:00,2025-11-24T13:00:00+00:00,Lut Gholein Sewers
2025-11-24,14:00,2025-11-24T14:00:00+00:00,"Dark Wood, Underground Passage"
2025-11-24,15:00,2025-11-24T15:00:00+00:00,"Glacial Trail, Drifter Cavern"
2025-11-24,16:00,2025-11-24T16:00:00+00:00,"Kurast Bazaar, Ruined Temple, Disused Fane"
2025-11-24,17:00,2025-11-24T17:00:00+00:00,Pit
2025-11-24,18:00,2025-11-24T18:00:00+00:00,"Bloody Foothills, Frigid Highlands, Abaddon"
2025-11-24,19:00,2025-11-24T19:00:00+00:00,"Crystalline Passage, Frozen River"
2025-11-24,20:00,2025-11-24T20:00:00+00:00,Ancient Tunnels
2025-11-24,21:00,2025-11-24T21:00:00+00:00,Forgotten Tower
2025-11-24,22:00,2025-11-24T22:00:00+00:00,"Glacial Trail, Drifter Cavern"
2025-11-24,23:00,2025-11-24T23:00:00+00:00,Durance of Hate
2025-11-25,00:00,2025-11-25T00:00:00+00:00,"Cathedral, Catacombs"
2025-11-25,01:00,2025-11-25T01:00:00+00:00,"Nihlathak's Temple, Temple Halls"
2025-11-25,02:00,2025-11-25T02:00:00+00:00,"Arreat Plateau, Pit of Acheron"
2025-11-25,03:00,2025-11-25T03:00:00+00:00,Tristram
2025-11-25,04:00,2025-11-25T04:00:00+00:00,"Black Marsh, The Hole"
2025-11-25,05:00,2025-11-25T05:00:00+00:00,Great Marsh
2025-11-25,06:00,2025-11-25T06:00:00+00:00,"Lost City, Valley of Snakes, Claw Viper Temple"
2025-11-25,07:00,2025-11-25T07:00:00+00:00,"Blood Moor, Den of Evil"
2025-11-25,08:00,2025-11-25T08:00:00+00:00,"Dark Wood, Underground Passage"
2025-11-25,09:00,2025-11-25T09:00:00+00:00,"Spider Forest, Spider Cavern"
2025-11-25,10:00,2025-11-25T10:00:00+00:00,"Dry Hills, Halls of the Dead"
2025-11-25,11:00,2025-11-25T11:00:00+00:00,Great Marsh
2025-11-25,12:00,2025-11-25T12:00:00+00:00,"Outer Steppes, Plains of Despair"
2025-11-25,13:00,2025-11-25T13:00:00+00:00,Travincal
2025-11-25,14:00,2025-11-25T14:00:00+00:00,Stony Field
2025-11-25,15:00,2025-11-25T15:00:00+00:00,Chaos Sanctuary
2025-11-25,16:00,2025-11-25T16:00:00+00:00,"Tal Rasha's Tombs, Tal Rasha's Chamber"
2025-11-25,17:00,2025-11-25T17:00:00+00:00,Lut Gholein Sewers
2025-11-25,18:00,2025-11-25T18:00:00+00:00,Far Oasis
2025-11-25,19:00,2025-11-25T19:00:00+00:00,"Ancient's Way, Icy Cellar"
2025-11-25,20:00,2025-11-25T20:00:00+00:00,"Flayer Jungle, Flayer Dungeon"
2025-11-25,21:00,2025-11-25T21:00:00+00:00,"Burial Grounds, Crypt, Mausoleum"
2025-11-25,22:00,2025-11-25T22:00:00+00:00,"Bloody Foothills, Frigid Highlands, Abaddon"
2025-11-25,23:00,2025-11-25T23:00:00+00:00,"Arreat Plateau, Pit of Acheron"
2025-11-26,00:00,2025-11-26T00:00:00+00:00,"Worldstone Keep, Throne of Destruction, Worldstone Chamber"
2025-11-26,01:00,2025-11-26T01:00:00+00:00,"Dry Hills, Halls of the Dead"
2025-11-26,02:00,2025-11-26T02:00:00+00:00,The Secret Cow Level
2025-11-26,03:00,2025-11-26T03:00:00+00:00,"Crystalline Passage, Frozen River"
2025-11-26,04:00,2025-11-26T04:00:00+00:00,"City of the Damned, River of Flame"
2025-11-26,05:00,2025-11-26T05:00:00+00:00,"Barracks, Jail"
2025-11-26,06:00,2025-11-26T06:00:00+00:00,Forgotten Tower
2025-11-26,07:00,2025-11-26T07:00:00+00:00,Chaos Sanctuary
2025-11-26,08:00,2025-11-26T08:00:00+00:00,"Kurast Bazaar, Ruined Temple, Disused Fane"
2025-11-26,09:00,2025-11-26T09:00:00+00:00,"Outer Steppes, Plains of Despair"
2025-11-26,10:00,2025-11-26T10:00:00+00:00,"Glacial Trail, Drifter Cavern"
2025-11-26,11:00,2025-11-26T11:00:00+00:00,Durance of Hate
2025-11-26,12:00,2025-11-26T12:00:00+00:00,"Rocky Waste, Stony Tomb"
2025-11-26,13:00,2025-11-26T13:00:00+00:00,"Cold Plains, Cave"
2025-11-26,14:00,2025-11-26T14:00:00+00:00,"Spider Forest, Spider Cavern"
2025-11-26,15:00,2025-11-26T15:00:00+00:00,Far Oasis
2025-11-26,16:00,2025-11-26T16:00:00+00:00,"Dark Wood, Underground Passage"
2025-11-26,17:00,2025-11-26T17:00:00+00:00,Pit
2025-11-26,18:00,2025-11-26T18:00:00+00:00,Ancient Tunnels
2025-11-26,19:00,2025-11-26T19:00:00+00:00,"Blood Moor, Den of Evil"
2025-11-26,20:00,2025-11-26T20:00:00+00:00,Pit
2025-11-26,21:00,2025-11-26T21:00:00+00:00,"Flayer Jungle, Flayer Dungeon"
2025-11-26,22:00,2025-11-26T22:00:00+00:00,"Burial Grounds, Crypt, Mausoleum"
2025-11-26,23:00,2025-11-26T23:00:00+00:00,"City of the Damned, River of Flame"
2025-11-27,00:00,2025-11-27T00:00:00+00:00,"Cathedral, Catacombs"
2025-11-27,01:00,2025-11-27T01:00:00+00:00,"Nihlathak's Temple, Temple Halls"
2025-11-27,02:00,2025-11-27T02:00:00+00:00,Tristram
2025-11-27,03:00,2025-11-27T03:00:00+00:00,Great Marsh
2025-11-27,04:00,2025-11-27T04:00:00+00:00,"Glacial Trail, Drifter Cavern"
2025-11-27,05:00,2025-11-27T05:00:00+00:00,Forgotten Tower
2025-11-27,06:00,2025-11-27T06:00:00+00:00,"Arreat Plateau, Pit of Acheron"
2025-11-27,07:00,2025-11-27T07:00:00+00:00,"Tal Rasha's Tombs, Tal Rasha's Chamber"
2025-11-27,08:00,2025-11-27T08:00:00+00:00,"Kurast Bazaar, Ruined Temple, Disused Fane"
2025-11-27,09:00,2025-11-27T09:00:00+00:00,"Lost City, Valley of Snakes, Claw Viper Temple"
2025-11-27,10:00,2025-11-27T10:00:00+00:00,Chaos Sanctuary
2025-11-27,11:00,2025-11-27T11:00:00+00:00,Travincal
2025-11-27,12:00,2025-11-27T12:00:00+00:00,"Rocky Waste, Stony Tomb"
2025-11-27,13:00,2025-11-27T13:00:00+00:00,"Barracks, Jail"
2025-11-27,14:00,2025-11-27T14:00:00+00:00,"Black Marsh, The Hole"
2025-11-27,15:00,2025-11-27T15:00:00+00:00,Durance of Hate
2025-11-27,16:00,2025-11-27T16:00:00+00:00,"Crystalline Passage, Frozen River"
2025-11-27,17:00,2025-11-27T17:00:00+00:00,"Ancient's Way, Icy Cellar"
2025-11-27,18:00,2025-11-27T18:00:00+00:00,Pit
2025-11-27,19:00,2025-11-27T19:00:00+00:00,"Worldstone Keep, Throne of Destruction, Worldstone Chamber"
2025-11-27,20:00,2025-11-27T20:00:00+00:00,The Secret Cow Level
2025-11-27,21:00,2025-11-27T21:00:00+00:00,"Cold Plains, Cave"
2025-11-27,22:00,2025-11-27T22:00:00+00:00,Tristram
2025-11-27,23:00,2025-11-27T23:00:00+00:00,Lut Gholein Sewers
2025-11-28,00:00,2025-11-28T00:00:00+00:00,"Burial Grounds, Crypt, Mausoleum"
2025-11-28,01:00,2025-11-28T01:00:00+00:00,Arcane Sanctuary
2025-11-28,02:00,2025-11-28T02:00:00+00:00,"Blood Moor, Den of Evil"
2025-11-28,03:00,2025-11-28T03:00:00+00:00,"Flayer Jungle, Flayer Dungeon"
2025-11-28,04:00,2025-11-28T04:00:00+00:00,"Dry Hills, Halls of the Dead"
2025-11-28,05:00,2025-11-28T05:00:00+00:00,"Lost City, Valley of Snakes, Claw Viper Temple"
2025-11-28,06:00,2025-11-28T06:00:00+00:00,"Spider Forest, Spider Cavern"
2025-11-28,07:00,2025-11-28T07:00:00+00:00,"Crystalline Passage, Frozen River"
2025-11-28,08:00,2025-11-28T08:00:00+00:00,Tristram
2025-11-28,09:00,2025-11-28T09:00:00+00:00,"Glacial Trail, Drifter Cavern"
2025-11-28,10:00,2025-11-28T10:00:00+00:00,"Rocky Waste, Stony Tomb"
2025-11-28,11:00,2025-11-28T11:00:00+00:00,"Black Marsh, The Hole"
2025-11-28,12:00,2025-11-28T12:00:00+00:00,"Arreat Plateau, Pit of Acheron"
2025-11-28,13:00,2025-11-28T13:00:00+00:00,"Tal Rasha's Tombs, Tal Rasha's Chamber"
2025-11-28,14:00,2025-11-28T14:00:00+00:00,Stony Field
2025-11-28,15:00,2025-11-28T15:00:00+00:00,"Bloody Foothills, Frigid Highlands, Abaddon"
2025-11-28,16:00,2025-11-28T16:00:00+00:00,"Blood Moor, Den of Evil"
2025-11-28,17:00,2025-11-28T17:00:00+00:00,"Dark Wood, Underground Passage"
2025-11-28,18:00,2025-11-28T18:00:00+00:00,"Outer Steppes, Plains of Despair"
2025-11-28,19:00,2025-11-28T19:00:00+00:00,"City of the Damned, River of Flame"
2025-11-28,20:00,2025-11-28T20:00:00+00:00,"Ancient's Way, Icy Cellar"
2025-11-28,21:00,2025-11-28T21:00:00+00:00,"Kurast Bazaar, Ruined Temple, Disused Fane"
2025-11-28,22:00,2025-11-28T22:00:00+00:00,Durance of Hate
2025-11-28,23:00,2025-11-28T23:00:00+00:00,Far Oasis
2025-11-29,00:00,2025-11-29T00:00:00+00:00,"Cathedral, Catacombs"
2025-11-29,01:00,2025-11-29T01:00:00+00:00,"Burial Grounds, Crypt, Mausoleum"
2025-11-29,02:00,2025-11-29T02:00:00+00:00,Great Marsh
2025-11-29,03:00,2025-11-29T03:00:00+00:00,"Cold Plains, Cave"
2025-11-29,04:00,2025-11-29T04:00:00+00:00,"Nihlathak's Temple, Temple Halls"
2025-11-29,05:00,2025-11-29T05:00:00+00:00,"Rocky Waste, Stony Tomb"
2025-11-29,06:00,2025-11-29T06:00:00+00:00,"Tal Rasha's Tombs, Tal Rasha's Chamber"
2025-11-29,07:00,2025-11-29T07:00:00+00:00,Travincal
2025-11-29,08:00,2025-11-29T08:00:00+00:00,Forgotten Tower
2025-11-29,09:00,2025-11-29T09:00:00+00:00,Chaos Sanctuary
2025-11-29,10:00,2025-11-29T10:00:00+00:00,Far Oasis
2025-11-29,11:00,2025-11-29T11:00:00+00:00,Pit
2025-11-29,12:00,2025-11-29T12:00:00+00:00,"Spider Forest, Spider Cavern"
2025-11-29,13:00,2025-11-29T13:00:00+00:00,"Lost City, Valley of Snakes, Claw Viper Temple"
2025-11-29,14:00,2025-11-29T14:00:00+00:00,"Worldstone Keep, Throne of Destruction, Worldstone Chamber"
2025-11-29,15:00,2025-11-29T15:00:00+00:00,"Blood Moor, Den of Evil"
2025-11-29,16:00,2025-11-29T16:00:00+00:00,"Flayer Jungle, Flayer Dungeon"
2025-11-29,17:00,2025-11-29T17:00:00+00:00,"Dark Wood, Underground Passage"
2025-11-29,18:00,2025-11-29T18:00:00+00:00,Ancient Tunnels
2025-11-29,19:00,2025-11-29T19:00:00+00:00,Travincal
2025-11-29,20:00,2025-11-29T20:00:00+00:00,Stony Field
2025-11-29,21:00,2025-11-29T21:00:00+00:00,Tristram
2025-11-29,22:00,2025-11-29T22:00:00+00:00,"Dry Hills, Halls of the Dead"
2025-11-29,23:00,2025-11-29T23:00:00+00:00,"Bloody Foothills, Frigid Highlands, Abaddon"
2025-11-30,00:00,2025-11-30T00:00:00+00:00,"Cathedral, Catacombs"
2025-11-30,01:00,2025-11-30T01:00:00+00:00,Durance of Hate
2025-11-30,02:00,2025-11-30T02:00:00+00:00,Far Oasis
2025-11-30,03:00,2025-11-30T03:00:00+00:00,Arcane Sanctuary
2025-11-30,04:00,2025-11-30T04:00:00+00:00,"Crystalline Passage, Frozen River"
2025-11-30,05:00,2025-11-30T05:00:00+00:00,"Ancient's Way, Icy Cellar"
2025-11-30,06:00,2025-11-30T06:00:00+00:00,"Barracks, Jail"
2025-11-30,07:00,2025-11-30T07:00:00+00:00,"Nihlathak's Temple, Temple Halls"
2025-11-30,08:00,2025-11-30T08:00:00+00:00,"City of the Damned, River of Flame"
2025-11-30,09:00,2025-11-30T09:00:00+00:00,"Flayer Jungle, Flayer Dungeon"
2025-11-30,10:00,2025-11-30T10:00:00+00:00,"Burial Grounds, Crypt, Mausoleum"
2025-11-30,11:00,2025-11-30T11:00:00+00:00,"Glacial Trail, Drifter Cavern"
2025-11-30,12:00,2025-11-30T12:00:00+00:00,"Kurast Bazaar, Ruined Temple, Disused Fane"
2025-11-30,13:00,2025-11-30T13:00:00+00:00,"Outer Steppes, Plains of Despair"
2025-11-30,14:00,2025-11-30T14:00:00+00:00,Durance of Hate
2025-11-30,15:00,2025-11-30T15:00:00+00:00,The Secret Cow Level
2025-11-30,16:00,2025-11-30T16:00:00+00:00,"Dry Hills, Halls of the Dead"
2025-11-30,17:00,2025-11-30T17:00:00+00:00,Travincal
2025-11-30,18:00,2025-11-30T18:00:00+00:00,"Arreat Plateau, Pit of Acheron"
2025-11-30,19:00,2025-11-30T19:00:00+00:00,Ancient Tunnels
2025-11-30,20:00,2025-11-30T20:00:00+00:00,"Bloody Foothills, Frigid Highlands, Abaddon"
2025-11-30,21:00,2025-11-30T21:00:00+00:00,"Blood Moor, Den of Evil"
2025-11-30,22:00,2025-11-30T22:00:00+00:00,"Cold Plains, Cave"
2025-11-30,23:00,2025-11-30T23:00:00+00:00,"Black Marsh, The Hole"
2025-12-01,00:00,2025-12-01T00:00:00+00:00,"Nihlathak's Temple, Temple Halls"
2025-12-01,01:00,2025-12-01T01:00:00+00:00,"Barracks, Jail"
2025-12-01,02:00,2025-12-01T02:00:00+00:00,"Spider Forest, Spider Cavern"
2025-12-01,03:00,2025-12-01T03:00:00+00:00,Pit
2025-12-01,04:00,2025-12-01T04:00:00+00:00,"Worldstone Keep, Throne of Destruction, Worldstone Chamber"
2025-12-01,05:00,2025-12-01T05:00:00+00:00,Chaos Sanctuary
2025-12-01,06:00,2025-12-01T06:00:00+00:00,Ancient Tunnels
2025-12-01,07:00,2025-12-01T07:00:00+00:00,"Rocky Waste, Stony Tomb"
2025-12-01,08:00,2025-12-01T08:00:00+00:00,Tristram
2025-12-01,09:00,2025-12-01T09:00:00+00:00,Durance of Hate
2025-12-01,10:00,2025-12-01T10:00:00+00:00,"Crystalline Passage, Frozen River"
2025-12-01,11:00,2025-12-01T11:00:00+00:00,"Lost City, Valley of Snakes, Claw Viper Temple"
2025-12-01,12:00,2025-12-01T12:00:00+00:00,"Ancient's Way, Icy Cellar"
2025-12-01,13:00,2025-12-01T13:00:00+00:00,Arcane Sanctuary
2025-12-01,14:00,2025-12-01T14:00:00+00:00,"Dark Wood, Underground Passage"
2025-12-01,15:00,2025-12-01T15:00:00+00:00,"Nihlathak's Temple, Temple Halls"
2025-12-01,16:00,2025-12-01T16:00:00+00:00,Lut Gholein Sewers
2025-12-01,17:00,2025-12-01T17:00:00+00:00,"Tal Rasha's Tombs, Tal Rasha's Chamber"
2025-12-01,18:00,2025-12-01T18:00:00+00:00,"Barracks, Jail"
2025-12-01,19:00,2025-12-01T19:00:00+00:00,Great Marsh
2025-12-01,20:00,2025-12-01T20:00:00+00:00,"Burial Grounds, Crypt, Mausoleum"
2025-12-01,21:00,2025-12-01T21:00:00+00:00,Travincal
2025-12-01,22:00,2025-12-01T22:00:00+00:00,"Worldstone Keep, Throne of Destruction, Worldstone Chamber"
2025-12-01,23:00,2025-12-01T23:00:00+00:00,"Ancient's Way, Icy Cellar"
2025-12-02,00:00,2025-12-02T00:00:00+00:00,"Flayer Jungle, Flayer Dungeon"
2025-12-02,01:00,2025-12-02T01:00:00+00:00,"City of the Damned, River of Flame"
2025-12-02,02:00,2025-12-02T02:00:00+00:00,"Glacial Trail, Drifter Cavern"
2025-12-02,03:00,2025-12-02T03:00:00+00:00,Far Oasis
2025-12-02,04:00,2025-12-02T04:00:00+00:00,Pit
2025-12-02,05:00,2025-12-02T05:00:00+00:00,Chaos Sanctuary
2025-12-02,06:00,2025-12-02T06:00:00+00:00,"Dark Wood, Underground Passage"
2025-12-02,07:00,2025-12-02T07:00:00+00:00,"Ancient's Way, Icy Cellar"
2025-12-02,08:00,2025-12-02T08:00:00+00:00,The Secret Cow Level
2025-12-02,09:00,2025-12-02T09:00:00+00:00,"Glacial Trail, Drifter Cavern"
2025-12-02,10:00,2025-12-02T10:00:00+00:00,"Tal Rasha's Tombs, Tal Rasha's Chamber"
2025-12-02,11:00,2025-12-02T11:00:00+00:00,Tristram
2025-12-02,12:00,2025-12-02T12:00:00+00:00,"Rocky Waste, Stony Tomb"
2025-12-02,13:00,2025-12-02T13:00:00+00:00,Ancient Tunnels
2025-12-02,14:00,2025-12-02T14:00:00+00:00,Durance of Hate
2025-12-02,15:00,2025-12-02T15:00:00+00:00,"Ancient's Way, Icy Cellar"
2025-12-02,16:00,2025-12-02T16:00:00+00:00,"Bloody Foothills, Frigid Highlands, Abaddon"
2025-12-02,17:00,2025-12-02T17:00:00+00:00,"Dry Hills, Halls of the Dead"
2025-12-02,18:00,2025-12-02T18:00:00+00:00,Arcane Sanctuary
2025-12-02,19:00,2025-12-02T19:00:00+00:00,Stony Field
2025-12-02,20:00,2025-12-02T20:00:00+00:00,"Cold Plains, Cave"
2025-12-02,21:00,2025-12-02T21:00:00+00:00,"Spider Forest, Spider Cavern"
2025-12-02,22:00,2025-12-02T22:00:00+00:00,"Kurast Bazaar, Ruined Temple, Disused Fane"
2025-12-02,23:00,2025-12-02T23:00:00+00:00,Forgotten Tower
2025-12-03,00:00,2025-12-03T00:00:00+00:00,"Dark Wood, Underground Passage"
2025-12-03,01:00,2025-12-03T01:00:00+00:00,"Cathedral, Catacombs"
2025-12-03,02:00,2025-12-03T02:00:00+00:00,"Flayer Jungle, Flayer Dungeon"
2025-12-03,03:00,2025-12-03T03:00:00+00:00,"Arreat Plateau, Pit of Acheron"
2025-12-03,04:00,2025-12-03T04:00:00+00:00,"Rocky Waste, Stony Tomb"
2025-12-03,05:00,2025-12-03T05:00:00+00:00,"Burial Grounds, Crypt, Mausoleum"
2025-12-03,06:00,2025-12-03T06:00:00+00:00,"Glacial Trail, Drifter Cavern"
2025-12-03,07:00,2025-12-03T07:00:00+00:00,"Black Marsh, The Hole"
2025-12-03,08:00,2025-12-03T08:00:00+00:00,"Bloody Foothills, Frigid Highlands, Abaddon"
2025-12-03,09:00,2025-12-03T09:00:00+00:00,"Blood Moor, Den of Evil"
2025-12-03,10:00,2025-12-03T10:00:00+00:00,Pit
2025-12-03,11:00,2025-12-03T11:00:00+00:00,"Barracks, Jail"
2025-12-03,12:00,2025-12-03T12:00:00+00:00,Great Marsh
2025-12-03,13:00,2025-12-03T13:00:00+00:00,"Flayer Jungle, Flayer Dungeon"
2025-12-03,14:00,2025-12-03T14:00:00+00:00,Travincal
2025-12-03,15:00,2025-12-03T15:00:00+00:00,Far Oasis
2025-12-03,16:00,2025-12-03T16:00:00+00:00,Lut Gholein Sewers
2025-12-03,17:00,2025-12-03T17:00:00+00:00,Tristram
2025-12-03,18:00,2025-12-03T18:00:00+00:00,"Crystalline Passage, Frozen River"
2025-12-03,19:00,2025-12-03T19:00:00+00:00,Arcane Sanctuary
2025-12-03,20:00,2025-12-03T20:00:00+00:00,"Glacial Trail, Drifter Cavern"
2025-12-03,21:00,2025-12-03T21:00:00+00:00,"Flayer Jungle, Flayer Dungeon"
2025-12-03,22:00,2025-12-03T22:00:00+00:00,"Kurast Bazaar, Ruined Temple, Disused Fane"
2025-12-03,23:00,2025-12-03T23:00:00+00:00,Ancient Tunnels
2025-12-04,00:00,2025-12-04T00:00:00+00:00,Chaos Sanctuary
2025-12-04,01:00,2025-12-04T01:00:00+00:00,"City of the Damned, River of Flame"
2025-12-04,02:00,2025-12-04T02:00:00+00:00,"Dry Hills, Halls of the Dead"
2025-12-04,03:00,2025-12-04T03:00:00+00:00,"Lost City, Valley of Snakes, Claw Viper Temple"
2025-12-04,04:00,2025-12-04T04:00:00+00:00,Tristram
2025-12-04,05:00,2025-12-04T05:00:00+00:00,"Cathedral, Catacombs"
2025-12-04,06:00,2025-12-04T06:00:00+00:00,"Ancient's Way, Icy Cellar"
2025-12-04,07:00,2025-12-04T07:00:00+00:00,"Worldstone Keep, Throne of Destruction, Worldstone Chamber"
2025-12-04,08:00,2025-12-04T08:00:00+00:00,Stony Field
2025-12-04,09:00,2025-12-04T09:00:00+00:00,"Outer Steppes, Plains of Despair"
2025-12-04,10:00,2025-12-04T10:00:00+00:00,"Nihlathak's Temple, Temple Halls"
2025-12-04,11:00,2025-12-04T11:00:00+00:00,Pit
2025-12-04,12:00,2025-12-04T12:00:00+00:00,Forgotten Tower
2025-12-04,13:00,2025-12-04T13:00:00+00:00,"Kurast Bazaar, Ruined Temple, Disused Fane"
2025-12-04,14:00,2025-12-04T14:00:00+00:00,"Tal Rasha's Tombs, Tal Rasha's Chamber"
2025-12-04,15:00,2025-12-04T15:00:00+00:00,"Cold Plains, Cave"
2025-12-04,16:00,2025-12-04T16:00:00+00:00,"Cathedral, Catacombs"
2025-12-04,17:00,2025-12-04T17:00:00+00:00,"Spider Forest, Spider Cavern"
2025-12-04,18:00,2025-12-04T18:00:00+00:00,"Bloody Foothills, Frigid Highlands, Abaddon"
2025-12-04,19:00,2025-12-04T19:00:00+00:00,"Dark Wood, Underground Passage"
2025-12-04,20:00,2025-12-04T20:00:00+00:00,Arcane Sanctuary
2025-12-04,21:00,2025-12-04T21:00:00+00:00,Lut Gholein Sewers
2025-12-04,22:00,2025-12-04T22:00:00+00:00,"Glacial Trail, Drifter Cavern"
2025-12-04,23:00,2025-12-04T23:00:00+00:00,"Blood Moor, Den of Evil"
2025-12-05,00:00,2025-12-05T00:00:00+00:00,Ancient Tunnels
2025-12-05,01:00,2025-12-05T01:00:00+00:00,"Arreat Plateau, Pit of Acheron"
2025-12-05,02:00,2025-12-05T02:00:00+00:00,"Burial Grounds, Crypt, Mausoleum"
2025-12-05,03:00,2025-12-05T03:00:00+00:00,"Flayer Jungle, Flayer Dungeon"
2025-12-05,04:00,2025-12-05T04:00:00+00:00,Travincal
2025-12-05,05:00,2025-12-05T05:00:00+00:00,Great Marsh
2025-12-05,06:00,2025-12-05T06:00:00+00:00,Durance of Hate
2025-12-05,07:00,2025-12-05T07:00:00+00:00,"Tal Rasha's Tombs, Tal Rasha's Chamber"
2025-12-05,08:00,2025-12-05T08:00:00+00:00,Pit
2025-12-05,09:00,2025-12-05T09:00:00+00:00,"Crystalline Passage, Frozen River"
2025-12-05,10:00,2025-12-05T10:00:00+00:00,"Cold Plains, Cave"
2025-12-05,11:00,2025-12-05T11:00:00+00:00,"Black Marsh, The Hole"
2025-12-05,12:00,2025-12-05T12:00:00+00:00,The Secret Cow Level
2025-12-05,13:00,2025-12-05T13:00:00+00:00,Stony Field
2025-12-05,14:00,2025-12-05T14:00:00+00:00,"Barracks, Jail"
2025-12-05,15:00,2025-12-05T15:00:00+00:00,"City of the Damned, River of Flame"
2025-12-05,16:00,2025-12-05T16:00:00+00:00,"Cathedral, Catacombs"
2025-12-05,17:00,2025-12-05T17:00:00+00:00,Ancient Tunnels
2025-12-05,18:00,2025-12-05T18:00:00+00:00,Arcane Sanctuary
2025-12-05,19:00,2025-12-05T19:00:00+00:00,"Cold Plains, Cave"
2025-12-05,20:00,2025-12-05T20:00:00+00:00,"Ancient's Way, Icy Cellar"
2025-12-05,21:00,2025-12-05T21:00:00+00:00,"Outer Steppes, Plains of Despair"
2025-12-05,22:00,2025-12-05T22:00:00+00:00,"Glacial Trail, Drifter Cavern"
2025-12-05,23:00,2025-12-05T23:00:00+00:00,Durance of Hate
2025-12-06,00:00,2025-12-06T00:00:00+00:00,Far Oasis
2025-12-06,01:00,2025-12-06T01:00:00+00:00,"Worldstone Keep, Throne of Destruction, Worldstone Chamber"
2025-12-06,02:00,2025-12-06T02:00:00+00:00,"Rocky Waste, Stony Tomb"
2025-12-06,03:00,2025-12-06T03:00:00+00:00,"Blood Moor, Den of Evil"
2025-12-06,04:00,2025-12-06T04:00:00+00:00,Chaos Sanctuary
2025-12-06,05:00,2025-12-06T05:00:00+00:00,"Arreat Plateau, Pit of Acheron"
2025-12-06,06:00,2025-12-06T06:00:00+00:00,Forgotten Tower
2025-12-06,07:00,2025-12-06T07:00:00+00:00,"Spider Forest, Spider Cavern"
2025-12-06,08:00,2025-12-06T08:00:00+00:00,"Crystalline Passage, Frozen River"
2025-12-06,09:00,2025-12-06T09:00:00+00:00,Pit
2025-12-06,10:00,2025-12-06T10:00:00+00:00,Travincal
2025-12-06,11:00,2025-12-06T11:00:00+00:00,"Blood Moor, Den of Evil"
2025-12-06,12:00,2025-12-06T12:00:00+00:00,"Nihlathak's Temple, Temple Halls"
2025-12-06,13:00,2025-12-06T13:00:00+00:00,Great Marsh
2025-12-06,14:00,2025-12-06T14:00:00+00:00,Far Oasis
2025-12-06,15:00,2025-12-06T15:00:00+00:00,The Secret Cow Level
2025-12-06,16:00,2025-12-06T16:00:00+00:00,Ancient Tunnels
2025-12-06,17:00,2025-12-06T17:00:00+00:00,"Kurast Bazaar, Ruined Temple, Disused Fane"
2025-12-06,18:00,2025-12-06T18:00:00+00:00,"Dark Wood, Underground Passage"
2025-12-06,19:00,2025-12-06T19:00:00+00:00,Arcane Sanctuary
2025-12-06,20:00,2025-12-06T20:00:00+00:00,Lut Gholein Sewers
2025-12-06,21:00,2025-12-06T21:00:00+00:00,"Bloody Foothills, Frigid Highlands, Abaddon"
2025-12-06,22:00,2025-12-06T22:00:00+00:00,Tristram
